-- MySQL dump 10.18  Distrib 10.3.27-MariaDB, for Linux (x86_64)
--
-- Host: localhost    Database: raqamli_uz_shartnoma
-- ------------------------------------------------------
-- Server version	10.3.27-MariaDB-log

/*!40101 SET @OLD_CHARACTER_SET_CLIENT=@@CHARACTER_SET_CLIENT */;
/*!40101 SET @OLD_CHARACTER_SET_RESULTS=@@CHARACTER_SET_RESULTS */;
/*!40101 SET @OLD_COLLATION_CONNECTION=@@COLLATION_CONNECTION */;
/*!40101 SET NAMES utf8mb4 */;
/*!40103 SET @OLD_TIME_ZONE=@@TIME_ZONE */;
/*!40103 SET TIME_ZONE='+00:00' */;
/*!40014 SET @OLD_UNIQUE_CHECKS=@@UNIQUE_CHECKS, UNIQUE_CHECKS=0 */;
/*!40014 SET @OLD_FOREIGN_KEY_CHECKS=@@FOREIGN_KEY_CHECKS, FOREIGN_KEY_CHECKS=0 */;
/*!40101 SET @OLD_SQL_MODE=@@SQL_MODE, SQL_MODE='NO_AUTO_VALUE_ON_ZERO' */;
/*!40111 SET @OLD_SQL_NOTES=@@SQL_NOTES, SQL_NOTES=0 */;

--
-- Current Database: `admin_shartnoma`
--


--
-- Table structure for table `boshqarma`
--

DROP TABLE IF EXISTS `boshqarma`;
/*!40101 SET @saved_cs_client     = @@character_set_client */;
/*!40101 SET character_set_client = utf8 */;
CREATE TABLE `boshqarma` (
  `id` int(11) NOT NULL AUTO_INCREMENT,
  `kompleks_id` int(11) NOT NULL,
  `name` varchar(255) NOT NULL,
  PRIMARY KEY (`id`)
) ENGINE=InnoDB AUTO_INCREMENT=72 DEFAULT CHARSET=utf8;
/*!40101 SET character_set_client = @saved_cs_client */;

--
-- Dumping data for table `boshqarma`
--

LOCK TABLES `boshqarma` WRITE;
/*!40000 ALTER TABLE `boshqarma` DISABLE KEYS */;
INSERT INTO `boshqarma` VALUES (1,1,'Молия бошкармаси'),(2,1,'Иқтисодиёт бошқармаси'),(3,7,'Халқ таълими бошқармаси'),(4,1,'Соғлиқни сақлаш'),(5,2,'Қишлоқ ва сув хўжалиги бошқармаси'),(6,1,'Меҳнат ва аҳолини ижтимоий муҳофаза қилиш бошқармаси'),(7,7,'Ўрта махсус, касб-ҳунар таълими ҳудудий бошқармаси'),(8,7,'Маданият ва спорт ишлари бошқармаси'),(9,1,'Ташқи иқтисодий алоқалар, инвестициялар ва савдо бошқармаси'),(10,1,'Статистика бошқармаси'),(11,1,'Ўзбекистон Республикаси Хусусийлаштириш, монополиядан чиқариш ва рақобатни ривожлантириш давлат қўмитасининг Хоразм вилояти ҳудудий бошқармаси'),(12,2,'Табиатни муҳофаза қилиш қўмитаси'),(13,3,'Архитектура ва қурилиш бош бошқармаси'),(14,2,'Ер ресурслари ва давлат кадастри бошқармаси'),(15,1,'Давлат солиқ бошқармаси'),(16,1,'Хоразм вилояти архив иши бошқармаси'),(17,3,'Ободонлаштириш бош бошқармаси'),(18,7,'«Маҳалла» жамғармаси вилоят бўлими'),(19,8,'Вилоят ҳокимлиги матбуот ва ахборот бошқармаси'),(20,1,'Марказий банк'),(21,2,'Вилоят \"МТП лар бирлашмаси\" АЖ'),(22,2,'Қишлоқ хўжалик кимё'),(23,3,'«Хоразмпочтаси» ОАЖ'),(24,3,'\"Хоразмавтойўл\" ҳудудий йўллардан фойдаланиш давлат ташкилоти'),(25,2,'Хоразм вилоят ветеринария бошқармаси'),(26,7,'Ўзбекистон Мудофаасига кўмаклашувчи \"Ватанпарвар\" ташкилоти вилоят Кенгаши'),(27,7,'\"Камолот\" ЁИҲ вилоят Кенгаши'),(28,7,'Вилоят касаба уюшмалари ташкилотлари бирлашмаси'),(29,4,'Халқ демократик партияси'),(30,4,'\"Адолат\" социал-демократик партияси'),(31,4,'Либерал демократик партияси'),(32,4,'\"Миллий тикланиш\" демократик партияси'),(33,1,'Хоразм вилоят Давлат санитария-эпидемиология назорат маркази'),(34,1,'Ғазначилик бошқармаси'),(35,2,'Вилоят \"Хоразмпахтасаноат\" акциядорлик бирлашмаси'),(36,2,'Вилоят ўсимликларни ҳимоя қилиш маркази'),(37,2,'Вилоят Давлат техника назорати инспекцияси '),(38,2,'Вилоят ўрмон хўжалиги бошқармаси '),(39,2,'Вилоят фермерлар кенгаши '),(40,2,'\"Хоразм пилла\" бирлашмаси'),(41,2,'Вилоят гидрогеология мелиоратив экспедицияси '),(42,2,'Вилоят қишлоқ хўжалик ҳисобидаги ер тузиш ва кўчмас мулк кадастри хизмати'),(43,3,'\"Шимолгазтаъминот\" унитар корхонасининг вилоят бошқармаси'),(44,3,'Хоразм электр тармоқлари'),(45,3,'\"Туямуйин-Урганч\" минтақалараро сув қувирларидан фойдаланиш бошқармаси'),(46,3,'\"Хоразмтелеком\" ОАЖ'),(47,3,'Урганч нефтебазаси УК'),(48,3,'\"Хоразм кўмир етказувчи\" дистрибьюторлик маркази'),(49,1,'\"Хунарманд\" уюшмасининг Хоразм вилоят бошқармаси'),(50,1,'Ўзбекистон Республикаси молия вазирлиги хузуридаги бюджетдан ташкари пенсия жамгармаси Хоразм вилоят бошқармаси'),(51,1,'“ЎзАгросуғурта” ДАСК Хоразм вилоят дирекцияси'),(52,1,'Хоразм вилоят савдо-саноат палатаси'),(53,2,'Хоразмдон'),(54,2,'Quyi Amudaryo irrigatsiya tizimlari xavza boshqarmasi'),(55,1,'АТИБ Ипотека банк   Вилоят  филиали'),(56,1,'Саноатқурилиш банк Вилоят  филиали'),(57,1,'АТ Савдогарбанк Вилоят  филиали'),(58,1,'Қишлоққурилишбанк Вилоят  филиали'),(59,1,'Асака банк Вилоят  филиали'),(60,1,'Микрокредитбанк Вилоят  филиали'),(61,1,'Хамкорбанк Вилоят  филиали'),(62,1,'АТБ  Турон банк Вилоят  филиали'),(63,1,'Агробанк Вилоят  филиали'),(64,1,'ТИФ Миллий банк Вилоят  филиали'),(65,1,'Халқ банк Вилоят  филиали'),(66,1,'Алоқа банк Вилоят  филиали'),(67,4,'Ўзбекистон мусулмонлар идораси вилоят бўлими'),(68,7,'Хоразм бозорлари ва савдо комплекслари вилоят уюшмаси'),(69,7,'Ахборот-тахлил гурухи'),(70,9,'Давлат унитар корхонаси'),(71,6,'Ҳокимликлар');
/*!40000 ALTER TABLE `boshqarma` ENABLE KEYS */;
UNLOCK TABLES;

--
-- Table structure for table `district`
--

DROP TABLE IF EXISTS `district`;
/*!40101 SET @saved_cs_client     = @@character_set_client */;
/*!40101 SET character_set_client = utf8 */;
CREATE TABLE `district` (
  `id` int(11) NOT NULL AUTO_INCREMENT,
  `name` varchar(255) NOT NULL,
  PRIMARY KEY (`id`)
) ENGINE=InnoDB AUTO_INCREMENT=43 DEFAULT CHARSET=utf8;
/*!40101 SET character_set_client = @saved_cs_client */;

--
-- Dumping data for table `district`
--

LOCK TABLES `district` WRITE;
/*!40000 ALTER TABLE `district` DISABLE KEYS */;
INSERT INTO `district` VALUES (22,'Урганч шаҳар'),(31,'Боғот туман'),(32,'Қўшкўпир туман'),(33,'Ҳазорасп туман'),(34,'Шовот туман'),(35,'Урганч туман'),(36,'Гурлан туман'),(37,'Хива туман'),(38,'Янгиариқ туман'),(39,'Хонқа туман'),(41,'Янгибозор туман'),(42,'Хива шаҳар');
/*!40000 ALTER TABLE `district` ENABLE KEYS */;
UNLOCK TABLES;

--
-- Table structure for table `idora_type`
--

DROP TABLE IF EXISTS `idora_type`;
/*!40101 SET @saved_cs_client     = @@character_set_client */;
/*!40101 SET character_set_client = utf8 */;
CREATE TABLE `idora_type` (
  `id` int(11) NOT NULL AUTO_INCREMENT,
  `name` varchar(255) NOT NULL,
  PRIMARY KEY (`id`)
) ENGINE=InnoDB AUTO_INCREMENT=34 DEFAULT CHARSET=utf8;
/*!40101 SET character_set_client = @saved_cs_client */;

--
-- Dumping data for table `idora_type`
--

LOCK TABLES `idora_type` WRITE;
/*!40000 ALTER TABLE `idora_type` DISABLE KEYS */;
INSERT INTO `idora_type` VALUES (1,'Бошқа турдаги ташкилот'),(2,'Бошқарма'),(3,'Ҳокимият'),(4,'Ободонлаштириш'),(6,'Давлат Унитар Корхонаси'),(8,'Архитектура'),(9,'Ватапарвар'),(10,'Иқтисод бошқарма'),(11,'Кадастр'),(12,'Ветенария'),(13,'Аграпром'),(14,'Фермер Ҳўжалиги'),(15,'Bank'),(16,'ДСЭНМ СЕС'),(17,'Мактаб'),(18,'Статистика '),(19,'Инвистисия '),(20,'XTB '),(21,'ТТБ'),(22,'Олий талим '),(23,'Қишлок Ҳўжалиги'),(24,'Спорт'),(25,'ДУК'),(26,'ДУК'),(27,'.'),(28,'Паха кластер'),(29,'Авто йўл'),(30,'фермерлар кенгаши'),(31,'Молия'),(32,'Коллеж'),(33,'Қурилиш ташкилотлари');
/*!40000 ALTER TABLE `idora_type` ENABLE KEYS */;
UNLOCK TABLES;

--
-- Table structure for table `kompleks`
--

DROP TABLE IF EXISTS `kompleks`;
/*!40101 SET @saved_cs_client     = @@character_set_client */;
/*!40101 SET character_set_client = utf8 */;
CREATE TABLE `kompleks` (
  `id` int(11) NOT NULL AUTO_INCREMENT,
  `name` varchar(255) NOT NULL,
  PRIMARY KEY (`id`)
) ENGINE=InnoDB AUTO_INCREMENT=10 DEFAULT CHARSET=utf8;
/*!40101 SET character_set_client = @saved_cs_client */;

--
-- Dumping data for table `kompleks`
--

LOCK TABLES `kompleks` WRITE;
/*!40000 ALTER TABLE `kompleks` DISABLE KEYS */;
INSERT INTO `kompleks` VALUES (1,'Иқтисодий ва ижтимоий ривожлантириш, хизмат кўрсатиш соҳаси ва тадбиркорлик масалалари бўйича комплекси'),(2,'Қишлоқ ва сув хўжалиги комплекси'),(3,'Капитал қурилиш, коммуникациялар, коммунал хўжалик ва ободонлаштириш комплекси'),(4,'Жамоат ва диний ташкилотлари билан алоқалар комплекси '),(5,'Хотин-қизлар комплекси '),(6,'ҲОКИМЛИКЛАР'),(7,'Маъмурий масалалар, ҳуқуқни муҳофаза қилиш органлари фаолиятини мувофиқлаштириш, ўзини ўзи бошқариш органлари ва ёшлар сиёсати бўйича комплекси'),(8,'Ахборот-тахлил гурухи'),(9,'Давлат унитар корхонаси');
/*!40000 ALTER TABLE `kompleks` ENABLE KEYS */;
UNLOCK TABLES;

--
-- Table structure for table `shartnoma`
--

DROP TABLE IF EXISTS `shartnoma`;
/*!40101 SET @saved_cs_client     = @@character_set_client */;
/*!40101 SET character_set_client = utf8 */;
CREATE TABLE `shartnoma` (
  `id` int(32) NOT NULL AUTO_INCREMENT,
  `tashkilot_id` int(11) NOT NULL,
  `shartnoma_raqami` varchar(255) DEFAULT NULL,
  `shartnoma_summasi` int(32) DEFAULT NULL,
  `tolandi` int(32) NOT NULL DEFAULT 0,
  `qoldiq` int(32) NOT NULL DEFAULT 0,
  `shartnoma_berildi` date NOT NULL,
  `masul_hodim` varchar(255) NOT NULL,
  `phone_masul_hodim` varchar(255) NOT NULL,
  `qabul_qilgan_hodim` varchar(255) DEFAULT NULL,
  `dalolatnoma_sana` date DEFAULT NULL,
  `shartnoma_qaytarishi` date DEFAULT NULL,
  `izoh` varchar(255) DEFAULT NULL,
  `status` int(11) NOT NULL DEFAULT 0,
  `district_id` int(11) NOT NULL,
  `shartnoma_type_id` int(11) NOT NULL,
  `idora_type_id` int(11) NOT NULL,
  `kompleks_id` int(11) NOT NULL,
  `boshqarma_id` int(11) NOT NULL,
  `created` datetime NOT NULL DEFAULT current_timestamp(),
  `updated` datetime NOT NULL DEFAULT current_timestamp() ON UPDATE current_timestamp(),
  PRIMARY KEY (`id`)
) ENGINE=InnoDB AUTO_INCREMENT=142 DEFAULT CHARSET=utf8;
/*!40101 SET character_set_client = @saved_cs_client */;

--
-- Dumping data for table `shartnoma`
--

LOCK TABLES `shartnoma` WRITE;
/*!40000 ALTER TABLE `shartnoma` DISABLE KEYS */;
INSERT INTO `shartnoma` VALUES (2,131,'№20',300000,300000,0,'2020-06-16','-','-','','2020-06-18',NULL,'техник хулоса',5,22,12,1,1,23,'2021-08-10 12:04:03','2021-08-10 20:07:24'),(3,132,'№312',3500000,3500000,0,'2020-07-01','Кудрат','995603530','',NULL,NULL,'',5,38,1,1,3,1,'2021-08-10 12:10:29','2021-08-10 20:06:53'),(4,133,'№08/02',4500000,4500000,0,'2020-08-18','Мухаммад ога','904319020','','2020-08-19',NULL,'Вилоят авто йўл учун ўтказган Мухаммад огага',5,41,1,1,3,24,'2021-08-10 12:14:47','2021-08-10 20:05:48'),(5,133,'№08/03',3500000,3500000,0,'2020-08-21','Ахмаджон','975100954','','2020-08-21',NULL,'Вилоят авто йўл учун ўтказган',5,41,1,1,3,24,'2021-08-10 12:25:09','2021-08-10 20:05:30'),(6,135,'№20-09/03',5600000,5600000,0,'2020-09-22','Мунисбек','622230929','','2020-09-23',NULL,'',5,22,1,1,1,13,'2021-08-10 12:35:07','2021-08-10 20:01:40'),(7,137,'№3/3',3500000,3500000,0,'2020-03-24','Мадримов Сирожбек','995010244','','2020-12-22',NULL,'',5,34,1,1,3,24,'2021-08-10 12:39:11','2021-08-10 20:01:14'),(8,138,'№web/20-09/13',5600000,5600000,0,'2020-09-29','Аскаров Бахтиёр','975166823','','2020-10-14',NULL,'',5,22,1,1,2,5,'2021-08-10 12:42:16','2021-08-10 20:00:38'),(9,139,'web/20-09/14',5600000,5600000,0,'2020-10-05','Ражаббой Матбуот котиб',' 914317888','','2020-10-20',NULL,'',5,22,1,1,1,1,'2021-08-10 12:45:50','2021-08-11 16:13:06'),(10,140,'09/06',3500000,3500000,0,'2020-10-20','Рўзметов Наврўз','939223024','939225304','2020-10-21',NULL,'',5,22,1,1,3,24,'2021-08-10 12:48:24','2021-08-10 19:59:46'),(11,69,'№Е-10/20',267600,267600,0,'2020-10-30','Руслон','6222461229','','2020-10-30',NULL,'',5,22,1,18,1,10,'2021-08-10 12:58:51','2021-08-10 19:59:15'),(12,142,'N web 20',4500000,1675000,2825000,'2020-11-02','Маматсолой','942377090','','2020-11-09',NULL,'',2,22,1,1,1,68,'2021-08-10 13:10:32','2021-08-10 19:58:46'),(13,143,'web/20-11',3500000,3500000,0,'2020-11-10','Махмуджон','974594737','','2020-11-12',NULL,'',5,39,1,1,3,24,'2021-08-10 13:12:44','2021-08-14 10:41:39'),(14,144,'11/1 ',3500000,3500000,0,'2020-11-10','Санжар','91437080','','2020-11-16',NULL,'',5,33,1,1,1,24,'2021-08-10 13:14:42','2021-08-10 19:57:59'),(15,145,'№-11/20',4500000,1350000,3150000,'2020-10-15','Хушнуд','974580906','','2021-01-29',NULL,'',2,32,1,1,1,68,'2021-08-10 13:17:58','2021-08-10 19:57:23'),(16,146,'№7/2252',4500000,4500000,0,'2020-10-30','Отахон','914210587','','2020-11-17',NULL,'',5,22,1,1,1,68,'2021-08-10 13:20:21','2021-08-10 19:56:52'),(17,147,'web/20',4500000,4500000,0,'2020-11-18','Сапаева Наргиза','975108968','','2020-11-18',NULL,'',5,22,1,1,1,1,'2021-08-10 13:22:53','2021-08-10 19:56:18'),(18,148,'№ 11/25',5600000,5600000,0,'2020-11-24','Ферузбек','974528252','','2020-11-24',NULL,'',5,22,1,1,1,14,'2021-08-10 13:26:22','2021-08-10 19:55:44'),(19,149,'11/28',21000000,21000000,0,'2020-11-25','Гуля','93755375','','2020-11-25',NULL,'',5,22,1,8,1,13,'2021-08-10 13:28:46','2021-08-10 19:55:15'),(20,150,'№11/27',5600000,5600000,0,'2020-11-26','Норбек','973617717','','2020-12-11',NULL,'',5,35,1,1,2,47,'2021-08-10 13:30:54','2021-08-10 19:54:32'),(21,151,'№ 12/3',4500000,4800000,-300000,'2020-12-03','Исломбек','999657364','','2020-12-03',NULL,'',5,22,1,1,3,45,'2021-08-10 13:36:52','2021-08-10 17:27:46'),(22,152,'3/9',5600000,5600000,0,'2020-11-30','Феруза','995190641','','2021-08-12',NULL,'',5,32,1,1,1,24,'2021-08-10 13:39:04','2021-08-13 18:30:30'),(23,153,' 12/6',3500000,3500000,0,'2021-08-10','Нолия','939223313','','2021-08-10',NULL,'',5,35,1,1,3,24,'2021-08-10 13:40:54','2021-08-13 18:25:06'),(24,154,'11/34',3500000,600000,2900000,'2020-11-01','Элиёр','914360392','','2020-12-09',NULL,'',2,22,1,1,3,24,'2021-08-10 13:43:20','2021-08-10 19:52:32'),(25,155,'12/51',2000000,2000000,0,'2020-12-10','Жасур','973606004','','2021-08-05',NULL,'',5,22,1,1,3,17,'2021-08-10 13:46:14','2021-08-13 18:24:13'),(26,156,'09/04',2500000,2500000,0,'2020-12-14','Максуд','907370084','','2020-12-15',NULL,'',5,22,2,1,3,1,'2021-08-10 13:50:47','2021-08-10 19:51:02'),(27,157,'№20-12/12',420000,420000,0,'2020-12-22','Бектурди','975123442','','2020-12-23',NULL,'',5,32,12,3,6,71,'2021-08-10 13:55:20','2021-08-10 19:50:35'),(28,158,'12/11',200000,200000,0,'2020-12-28','Юлдуз','995018018','','2020-12-28',NULL,'',5,22,8,1,1,51,'2021-08-10 13:59:24','2021-08-10 19:49:47'),(29,159,'№11/16',4500000,1000000,3500000,'2020-12-30','Гуландон','905789444','974592648','2021-01-12',NULL,'',2,22,1,1,3,1,'2021-08-10 16:42:07','2021-08-10 19:49:19'),(30,160,'12/21',5600000,5600000,0,'2020-01-13','Фарход','973641500','','2020-01-13',NULL,'',5,22,1,1,3,1,'2021-08-10 16:48:57','2021-08-14 10:42:27'),(31,161,'№12/19',5600000,5600000,0,'2021-01-13','Акмал бух','974536614','','2021-01-13',NULL,'',5,31,1,1,2,5,'2021-08-10 16:55:10','2021-08-10 19:47:11'),(32,162,'№ WEB/21',5600000,5600000,0,'2021-01-14','Юнус','941197338','','2021-01-14',NULL,'',5,33,1,1,3,5,'2021-08-10 17:03:42','2021-08-10 19:46:32'),(33,163,'№ web/21-01',4500000,4500000,0,'2021-01-20','Ортиқбой','943148833','','2021-02-04',NULL,'',5,22,1,1,1,68,'2021-08-10 17:15:30','2021-08-10 19:45:46'),(34,164,'21/799',460000,460000,0,'2021-01-25','Эшчонов Одиллллбеек','908055771','','2021-01-25',NULL,'',5,22,8,1,2,1,'2021-08-10 17:34:55','2021-08-10 19:45:26'),(35,165,'21/77',4500000,675000,3825000,'2020-12-26','Мақсуд','623151643','','2020-12-26',NULL,'',2,31,1,1,1,68,'2021-08-10 17:37:40','2021-08-10 19:44:56'),(36,166,'№ web/21-0238',5600000,5600000,0,'2021-01-25','-','-','','2020-01-27',NULL,'Шахарсозлик ташкилоти у.н ўтказилган',5,22,1,1,3,1,'2021-08-10 17:55:06','2021-08-10 19:44:11'),(37,167,'№web/21-2021',5600000,5600000,0,'2021-07-27','Файзулла','974580506','','2021-01-07',NULL,'',5,32,1,1,2,70,'2021-08-10 17:57:37','2021-08-10 19:43:38'),(38,168,'№7560994',1645000,1645000,0,'2021-01-27','Ихтиёр бух','973632815','','2021-01-28',NULL,'',5,41,1,3,6,71,'2021-08-10 18:03:26','2021-08-10 19:43:05'),(39,171,'№7560808',5500000,5500000,0,'2020-11-10','Baxram ','977901599','','2021-01-29',NULL,'',5,36,1,23,2,42,'2021-08-10 18:19:33','2021-08-10 19:42:06'),(40,172,'21/84',4000000,4000000,0,'2021-02-01','Сардор ','999420675','','2021-02-04',NULL,'',5,22,1,4,3,24,'2021-08-10 18:22:27','2021-08-10 19:41:05'),(41,173,'02/13',5600000,5600000,0,'2021-02-04','Алишер ','974575557','','2021-02-04',NULL,'',5,39,1,28,2,5,'2021-08-10 18:32:24','2021-08-10 19:40:37'),(42,174,'21/46',460000,460000,0,'2021-02-08','Матрасул ','995647755','','2021-02-09',NULL,'',5,22,1,2,1,1,'2021-08-10 18:37:27','2021-08-10 19:39:48'),(43,175,'№-21',5600000,5600000,0,'2021-02-10','Улуғбек','975112211','','2021-02-10',NULL,'',5,22,1,28,2,5,'2021-08-10 18:51:30','2021-08-10 19:40:09'),(44,176,'02/30',5600000,5600000,0,'2021-02-09','Елдор','901687900','','2021-02-10',NULL,'',5,36,1,28,2,5,'2021-08-10 18:56:13','2021-08-10 19:38:52'),(45,171,'№Е/1',460000,460000,0,'2021-02-05','Ганишер','977051420','','2021-02-12',NULL,'',5,36,1,23,2,42,'2021-08-10 19:03:49','2021-08-10 19:39:14'),(46,178,'№ E/5',460000,460000,0,'2021-02-05','Қахрамон','982776065','622241976','2021-02-12',NULL,'',5,22,1,2,2,39,'2021-08-10 19:11:06','2021-08-10 19:38:30'),(47,179,'Neweb/21',5600000,5600000,0,'2021-02-15','Ихтиёр бух','975106009','','2021-02-05',NULL,'',5,31,1,28,2,1,'2021-08-10 19:15:12','2021-08-10 19:37:40'),(48,79,'№7576256',920000,920000,0,'2021-02-10','Нодирбек Собиров','972213511','622230068','2021-02-18',NULL,'',5,41,1,3,6,71,'2021-08-10 19:17:57','2021-08-10 19:37:09'),(49,181,'№7569615',460000,460000,0,'2021-02-04','Эргаш бух','939220670','','2021-02-24',NULL,'',6,22,8,1,7,1,'2021-08-10 20:29:07','2021-08-11 14:52:47'),(50,181,'№7569615',460000,460000,0,'2021-02-04','Эргаш бух','939220670','','2021-02-24',NULL,'',5,22,8,1,7,1,'2021-08-11 14:47:57','2021-08-11 14:53:13'),(51,182,'№7589966',460000,460000,0,'2021-02-21','Нураддин ','937480003','','2021-02-24',NULL,'',5,22,8,2,1,1,'2021-08-11 14:52:11','2021-08-11 14:52:33'),(52,168,'№7592964',5999000,5999000,0,'2021-02-24','Ихтёр бух','973632815','','2021-02-26',NULL,'',5,41,12,3,6,71,'2021-08-11 14:58:51','2021-08-11 14:58:51'),(53,168,'№7595193',4000000,4000000,0,'2021-02-26','Ихтёр бух','973632815','','2021-03-01',NULL,'',5,41,1,3,6,71,'2021-08-11 15:06:36','2021-08-11 15:06:36'),(54,183,'№7596806',460000,460000,0,'2021-02-27','+','12','','2021-03-02',NULL,'',5,22,8,1,7,7,'2021-08-11 15:50:25','2021-08-11 15:50:25'),(55,184,'№7608700',460000,460000,0,'2021-03-11','Баходир ога','972112775','','2021-03-16',NULL,'',5,22,8,1,1,1,'2021-08-11 15:52:54','2021-08-11 15:52:54'),(56,185,'5/61',5600000,4000000,1600000,'2021-02-02','Ойгул бух','974519164','','2021-03-16',NULL,'',2,22,1,1,1,68,'2021-08-11 16:04:50','2021-08-17 10:25:08'),(57,139,'Е2/1',460000,460000,0,'2021-03-01','Ражаббой Матбуот котиб','914317888','','2021-03-23',NULL,'',5,22,1,1,1,1,'2021-08-11 16:12:13','2021-08-11 16:12:13'),(58,171,'№21-03/3',990000,990000,0,'2021-03-23','Ганишер','977051420','','2021-03-23',NULL,'',5,36,1,23,2,42,'2021-08-11 16:16:00','2021-08-11 16:16:00'),(59,186,'№7618479',460000,460000,0,'2021-03-19','Абдулла','943189624','','2021-03-24',NULL,'',5,22,8,2,7,1,'2021-08-11 16:20:15','2021-08-11 16:20:21'),(60,187,'№7619215',2240000,2240000,0,'2021-03-19','Фарход','995644275','','2021-03-24',NULL,'',5,22,12,1,7,7,'2021-08-11 16:33:21','2021-08-11 16:33:21'),(61,188,'№7616408',460000,460000,0,'2021-03-17','Жаббаров Хамдам','972110373','','2021-03-24',NULL,'',5,36,1,1,6,71,'2021-08-11 16:36:19','2021-08-11 16:36:19'),(62,189,'№7619878',460000,460000,0,'2021-03-19','Максуд','985775711','','2021-03-25',NULL,'',5,35,8,3,6,71,'2021-08-11 16:39:57','2021-08-11 16:39:57'),(63,190,'№ Web/21-02/12',5600000,5600000,0,'2021-03-25','Рефаел','999696000','','2021-03-25',NULL,'',5,34,1,28,2,5,'2021-08-11 16:43:43','2021-08-11 16:43:43'),(64,191,'№ 03/05',460000,460000,0,'2021-03-26','Рашид','999656573','','2021-03-29',NULL,'',5,22,8,1,3,46,'2021-08-11 16:45:51','2021-08-11 16:45:51'),(65,192,'№7630719',1715000,1715000,0,'2021-03-28','Шокир бух','972215515','','2021-03-30',NULL,'',5,31,1,3,6,71,'2021-08-11 16:48:20','2021-08-11 16:48:20'),(66,193,' №7639213',460000,460000,0,'2021-04-30','Жамол','932868586','','2021-04-06',NULL,'',5,22,8,8,3,13,'2021-08-11 16:51:01','2021-08-11 16:51:06'),(67,180,' №7644389',3675000,3675000,0,'2021-04-07','Нодир','972213511','','2021-04-13',NULL,'',5,22,12,3,6,71,'2021-08-11 16:53:15','2021-08-11 16:53:15'),(68,194,'№7649195',460000,460000,0,'2021-04-10','Сарвар','941171934','','2021-04-30',NULL,'',5,22,1,2,1,1,'2021-08-11 16:55:57','2021-08-11 16:55:57'),(69,195,'02-01/02',460000,460000,0,'2021-01-05','Дониёр','999655540','','2021-04-13',NULL,'',5,22,8,2,7,1,'2021-08-11 16:58:34','2021-08-11 16:58:34'),(70,196,'№7648926',5500000,5500000,0,'2021-04-10','обод','937582288','','2021-04-15',NULL,'',5,22,1,2,2,5,'2021-08-11 17:02:28','2021-08-11 17:02:28'),(71,197,'08/17',5600000,5600000,0,'2021-04-16','Нодира','94310884','','2021-01-16',NULL,'',5,22,1,23,2,5,'2021-08-11 17:11:12','2021-08-11 17:35:27'),(72,198,'7657495',3600000,3600000,0,'2021-04-01','Эргаш бух','939220670','','2021-04-20',NULL,'',5,22,1,22,1,1,'2021-08-11 17:23:05','2021-08-11 17:23:05'),(73,199,'03/08',5600000,5600000,0,'2021-04-20','Азамат бух','937482900','','2021-04-20',NULL,'',5,39,1,1,6,71,'2021-08-11 17:28:15','2021-08-13 16:23:26'),(74,198,'7659008',460000,460000,0,'2021-04-22','Азамат Акт','995058924','','2021-04-22',NULL,'',5,22,1,22,1,1,'2021-08-11 17:33:05','2021-08-11 17:33:05'),(75,200,'7659008',460000,460000,0,'2021-04-22','Азамат АКТ','995058924','','2021-04-22',NULL,'',5,22,1,31,1,1,'2021-08-11 17:36:59','2021-08-11 17:36:59'),(76,201,'7658330',5500000,5500000,0,'2021-04-22','Акбар бух','973624665','','2021-04-22',NULL,'',5,22,1,23,2,5,'2021-08-11 17:42:07','2021-08-11 17:42:07'),(77,202,'7664660',460000,460000,0,'2021-04-26','номалум ','1009','','2021-04-26',NULL,'',5,22,1,22,1,3,'2021-08-11 17:48:40','2021-08-11 17:48:40'),(78,168,'7658624',460000,460000,0,'2021-04-26','Ихтёр бух','973632815','','2021-04-26',NULL,'',5,41,1,3,6,71,'2021-08-11 17:54:38','2021-08-11 17:54:38'),(79,204,'7660088',4500000,4500000,0,'2021-04-27','-','-','','2021-04-27',NULL,'',5,42,1,32,1,7,'2021-08-11 18:23:05','2021-08-11 18:23:05'),(80,205,'7668222',460000,460000,0,'2021-04-27','Сирож','995645954','','2021-04-27',NULL,'',5,42,1,23,2,5,'2021-08-11 18:25:19','2021-08-11 18:25:19'),(81,206,'04/9',460000,460000,0,'2021-04-27','Хамид','934680607','','2021-04-27',NULL,'',5,22,1,1,1,1,'2021-08-11 18:28:35','2021-08-11 18:28:35'),(82,207,'7666273',3500000,3500000,0,'2021-04-27','2 Касб мактаби','937497968','','2021-04-27',NULL,'',5,35,1,17,1,3,'2021-08-11 18:31:27','2021-08-11 18:31:27'),(83,208,'7632839',460000,460000,0,'2021-04-29','Нодир Акт','975128583','','2021-04-29',NULL,'',5,22,1,32,1,7,'2021-08-11 18:35:51','2021-08-11 18:35:51'),(84,209,'7660359й',5500000,5500000,0,'2021-04-29','-','-','','2021-04-29',NULL,'',5,31,1,23,2,5,'2021-08-11 18:46:08','2021-08-11 18:46:08'),(85,210,'7667939',4500000,4500000,0,'2021-04-29','-','-','','2021-04-29',NULL,'',5,34,1,17,1,7,'2021-08-11 18:50:23','2021-08-11 18:50:23'),(86,211,'№7674958',460000,460000,0,'2021-04-29','-','-','','2021-04-30',NULL,'',5,22,8,1,1,8,'2021-08-13 11:36:48','2021-08-13 11:36:48'),(87,212,'№7667945',500000,500000,0,'2021-04-24','Бухгалтер','995481772','','2021-04-24',NULL,'',5,22,2,2,2,5,'2021-08-13 12:01:34','2021-08-13 12:01:34'),(88,212,'№7667944',5500000,5500000,0,'2021-04-24','Бухгалтер','995481772','','2021-04-01',NULL,'',5,22,1,2,2,5,'2021-08-13 12:03:06','2021-08-13 12:03:06'),(89,213,'№7680239',4000000,4000000,0,'2021-05-02','Шерали','975100610','','2021-05-04',NULL,'',5,33,2,3,6,71,'2021-08-13 12:06:13','2021-08-13 12:06:13'),(90,214,'№7665548',1200000,1200000,0,'2021-04-22','Одобой','974577818','','2021-05-05',NULL,'',5,22,5,2,7,3,'2021-08-13 12:09:05','2021-08-13 12:09:05'),(91,168,'№7678581',4500000,4500000,0,'2021-05-01','Ихтиёр бух','973632815','','2021-05-06',NULL,'',5,41,12,3,6,71,'2021-08-13 12:10:48','2021-08-13 12:10:48'),(92,215,'№7679773',4500000,4500000,0,'2021-05-02','Муроджон','972119015','','2021-05-06',NULL,'',5,22,1,1,7,7,'2021-08-13 12:14:09','2021-08-13 12:14:09'),(93,199,'№7679830',3600000,3600000,0,'2021-05-02','Азамат','937482900','','2021-05-10',NULL,'',6,39,2,1,6,71,'2021-08-13 12:16:16','2021-08-13 12:16:16'),(94,199,'№7679746',460000,460000,0,'2021-05-02','Азамат','937482900','','2021-05-10',NULL,'',5,39,8,1,6,71,'2021-08-13 12:18:54','2021-08-13 12:18:54'),(95,216,'№7673284',500000,500000,0,'2021-04-28','Жасур','973645576','','2021-05-11',NULL,'',6,22,2,16,7,4,'2021-08-13 12:24:58','2021-08-13 12:24:58'),(96,217,'№7688150',4470000,4470000,0,'2021-05-08','Мардонбек','999622266','','2021-05-12',NULL,'',5,33,1,1,6,1,'2021-08-13 12:31:13','2021-08-13 12:31:13'),(97,218,'№7688658',500000,500000,0,'2021-05-09','Шерзод ога бух','934677375','','2021-05-12',NULL,'',5,22,2,2,1,1,'2021-08-13 12:33:37','2021-08-13 12:33:37'),(98,219,'№7689671',400000,400000,0,'2021-05-10','Шодлик','999631104','','2021-05-12',NULL,'',5,42,2,1,1,1,'2021-08-13 12:38:46','2021-08-13 12:38:46'),(99,188,' №7688003',1200000,1200000,0,'2021-05-08','Хамдам','972110373','','2021-05-17',NULL,'',5,36,5,1,6,71,'2021-08-13 12:41:49','2021-08-13 12:41:49'),(100,189,'№7678665',4500000,4500000,0,'2021-05-01','Азамат матбуот котиб','973619977','','2021-05-21',NULL,'',5,35,1,3,6,71,'2021-08-13 12:53:18','2021-08-13 12:53:18'),(101,220,'№web/21-05/01',460000,460000,0,'2021-05-22','Мансур бух','97790245','','2021-05-25',NULL,'',5,22,8,1,1,1,'2021-08-13 12:56:44','2021-08-13 12:56:44'),(102,221,'№7706855',3300000,3300000,0,'2021-05-23','Руслонбек','936115585','','2021-05-27',NULL,'',5,31,1,32,7,7,'2021-08-13 13:01:39','2021-08-13 13:01:39'),(103,222,'№7711034',380000,380000,0,'2021-05-26','Атажанов Азамат','995058924','','2021-05-31',NULL,'',5,22,8,1,1,1,'2021-08-13 14:33:39','2021-08-13 14:33:39'),(104,223,'№7680219',4500000,4500000,0,'2021-05-02','Шухрат','997022250','','2021-06-03',NULL,'',5,33,1,1,7,1,'2021-08-13 14:38:54','2021-08-13 14:38:54'),(105,224,'№7705056',3300000,3300000,0,'2021-05-22','Зулфия','973639143','','2021-06-04',NULL,'',5,22,1,1,7,7,'2021-08-13 14:43:04','2021-08-13 14:43:04'),(106,225,'№ ВЕБ/21',870000,870000,0,'2021-06-08','Музаффар','939288800','','2021-06-08',NULL,'',5,38,5,2,3,13,'2021-08-13 14:48:19','2021-08-13 14:48:19'),(107,226,'№ web/21-06',870000,870000,0,'2021-06-08','Нилуфар','994110490','','2021-06-09',NULL,'',5,39,5,8,3,13,'2021-08-13 14:51:52','2021-08-13 14:51:52'),(108,171,'№R\\21-18',2530000,2530000,0,'2021-06-09','Ганишер','977051420','','2021-06-15',NULL,'',5,36,12,23,2,42,'2021-08-13 15:28:38','2021-08-13 15:28:38'),(109,172,'№web/21-06/1',460000,460000,0,'2021-06-16','Сардор','999420675','','2021-06-16',NULL,'',5,22,8,4,3,24,'2021-08-13 15:44:45','2021-08-13 15:44:45'),(110,227,'№web/21',870000,870000,0,'2021-06-16','Жамшид','942322274','','2021-06-17',NULL,'',5,33,5,8,3,13,'2021-08-13 15:56:35','2021-08-13 15:56:35'),(111,228,'№ web/21 15/06',870000,870000,0,'2021-06-15','Диёр','995007248','','2021-06-17',NULL,'',5,34,1,8,3,13,'2021-08-13 16:03:48','2021-08-13 16:03:48'),(112,229,'06/06',870000,870000,0,'2021-06-15','Азиз','919161661','','2021-06-17',NULL,'',5,35,5,8,3,13,'2021-08-13 16:07:06','2021-08-13 16:07:06'),(113,230,'№ 06/8',460000,460000,0,'2021-06-18','Мунисбек','937539088','','2021-06-18',NULL,'',5,22,8,1,7,8,'2021-08-13 16:12:46','2021-08-13 16:12:46'),(114,231,'№7678116',5200000,5200000,0,'2021-05-01','Шерзод','995960666','','2021-06-18',NULL,'',5,22,1,2,1,1,'2021-08-13 16:25:49','2021-08-13 16:25:49'),(115,232,'web/21-06/23',3500000,3500000,0,'2021-06-29','Наргиза','919990218','','2021-06-29',NULL,'',5,22,1,2,7,26,'2021-08-13 16:29:21','2021-08-13 16:29:21'),(116,233,'06/25',51304000,51304000,0,'2021-06-25','Ферузбек','997737131','','2021-06-25',NULL,'',5,33,1,17,7,1,'2021-08-13 16:40:29','2021-08-13 17:58:26'),(117,234,'№ 06/28',3960000,3960000,0,'2021-06-28','Бобур','999613387','','2021-06-28',NULL,'',5,38,1,1,1,1,'2021-08-13 16:46:22','2021-08-13 16:46:22'),(118,149,'№ 21',3480000,3480000,0,'2021-06-29','Жамол','932868586','','2021-06-30',NULL,'',5,22,1,8,1,13,'2021-08-13 16:48:27','2021-08-13 16:48:27'),(119,235,' web /21',3500000,1000000,2500000,'2021-06-30','Рўзимбой','914336209','','2021-06-30',NULL,'',2,37,1,1,3,24,'2021-08-13 16:51:23','2021-08-13 16:51:23'),(120,236,'web/21',2000000,2000000,0,'2021-07-05','Алланазаров Б','975115170','','2021-07-05',NULL,'',5,22,1,33,3,1,'2021-08-13 16:56:09','2021-08-13 16:56:09'),(121,237,'№ web/21-07/6',2460000,2460000,0,'2021-07-06','Арслон','973625658','','2021-07-07',NULL,'',5,22,1,33,3,1,'2021-08-13 16:58:24','2021-08-13 16:58:24'),(122,238,'07/3 ',2000000,2000000,0,'2021-07-07','Шерзод','977928370','','2021-07-07',NULL,'',5,22,1,33,3,1,'2021-08-13 17:00:06','2021-08-13 17:00:06'),(123,239,'№ web21-c',2000000,2000000,0,'2021-07-07','Мухаммад','999624870','','2021-07-08',NULL,'',5,22,1,33,3,1,'2021-08-13 17:03:28','2021-08-13 17:03:28'),(124,240,'web/21--07/16',2460000,2460000,0,'2021-07-08','Жасурбек','905572809','','2021-07-08',NULL,'',5,31,1,33,3,1,'2021-08-13 17:05:07','2021-08-13 17:05:07'),(125,241,' №web/21-07/7',2460000,2460000,0,'2021-07-06','Арслон','973625658','','2021-07-08','2021-07-06','',5,22,1,33,3,1,'2021-08-13 17:08:54','2021-08-13 17:08:54'),(126,242,'veb/21-07/13',2460000,800000,1660000,'2021-07-09','Музаффар','997799911','','2021-07-09',NULL,'',2,22,1,33,3,1,'2021-08-13 17:11:48','2021-08-13 17:11:48'),(127,243,'№veb/21',1300000,1300000,0,'2021-07-09','Гуломжон','977922721','','2021-07-09',NULL,'',4,41,1,1,1,2,'2021-08-13 17:24:52','2021-08-13 17:24:52'),(128,244,' 07/4',2000000,2000000,0,'2021-07-05','Бекпулат','937479007','','2021-07-12',NULL,'',5,22,1,33,3,1,'2021-08-13 17:44:45','2021-08-13 17:44:45'),(129,245,'web/21-07/30',2460000,2460000,0,'2021-07-13','Санжар','995598100','','2021-07-13',NULL,'',5,37,1,33,3,1,'2021-08-13 17:46:45','2021-08-13 17:46:45'),(130,246,'№ web/21-07/26',2460000,2460000,0,'2021-07-12','И.Хаитов','905790700','','2021-07-13',NULL,'',5,22,1,33,3,1,'2021-08-13 17:49:49','2021-08-13 17:49:49'),(131,247,'07/19 ',2460000,1400000,1060000,'2021-07-08','Хамдам','919874101','','2021-07-14',NULL,'',2,34,1,33,3,1,'2021-08-13 17:57:52','2021-08-13 17:57:52'),(132,248,'№7/15',460000,460000,0,'2021-07-17','Бобомурод','993422761','','2021-07-17',NULL,'',5,36,1,17,7,1,'2021-08-13 18:01:31','2021-08-13 18:01:31'),(133,249,'07/32',2460000,2460000,0,'2021-07-19','Elyor','974375137','','2021-07-19',NULL,'',5,33,1,33,1,13,'2021-08-13 18:06:23','2021-08-13 18:06:23'),(134,250,'2300120',460000,460000,0,'2021-07-23','-','-','','2021-07-23',NULL,'',5,22,1,17,1,3,'2021-08-13 18:11:16','2021-08-13 18:11:16'),(135,252,'7788281 ',460000,460000,0,'2021-07-24','-','997034858','','2021-07-24',NULL,'',5,41,1,17,1,3,'2021-08-13 18:15:56','2021-08-13 18:15:56'),(136,253,'71',5600000,1680000,3920000,'2021-07-27','Romon','+998997392230','','2021-07-27',NULL,'',5,22,1,1,1,13,'2021-08-13 18:19:07','2021-08-13 18:19:07'),(137,254,'7788436',290000,290000,0,'2021-08-02','Бухгалтер','943158486','','2021-08-02',NULL,'',5,31,1,17,1,3,'2021-08-13 18:21:05','2021-08-13 18:21:05'),(138,255,'07/38',2460000,2460000,0,'2021-08-05','Руслон','904387467','','2021-08-05',NULL,'',5,22,1,1,1,13,'2021-08-13 18:23:15','2021-08-13 18:23:15'),(139,256,'07/10',2460000,2460000,0,'2021-08-12','Комол ога','995020774','','2021-08-12',NULL,'',5,33,1,8,1,13,'2021-08-13 18:27:13','2021-08-14 11:50:32'),(140,257,'08/1',5600000,2800000,2800000,'2021-08-12','Хушнуд','914227222','','2021-08-12',NULL,'',1,33,1,1,1,13,'2021-08-13 18:29:38','2021-08-13 18:29:38'),(141,258,'08/9',350000,350000,0,'2021-08-12','Нурбек','942354427','','2021-08-12',NULL,'',5,36,1,1,1,13,'2021-08-13 18:32:49','2021-08-16 11:07:33');
/*!40000 ALTER TABLE `shartnoma` ENABLE KEYS */;
UNLOCK TABLES;

--
-- Table structure for table `shartnoma_type`
--

DROP TABLE IF EXISTS `shartnoma_type`;
/*!40101 SET @saved_cs_client     = @@character_set_client */;
/*!40101 SET character_set_client = utf8 */;
CREATE TABLE `shartnoma_type` (
  `id` int(11) NOT NULL AUTO_INCREMENT,
  `name` varchar(255) NOT NULL,
  PRIMARY KEY (`id`)
) ENGINE=InnoDB AUTO_INCREMENT=13 DEFAULT CHARSET=utf8;
/*!40101 SET character_set_client = @saved_cs_client */;

--
-- Dumping data for table `shartnoma_type`
--

LOCK TABLES `shartnoma_type` WRITE;
/*!40000 ALTER TABLE `shartnoma_type` DISABLE KEYS */;
INSERT INTO `shartnoma_type` VALUES (1,'Веб сайт'),(2,'Корхона ва Селектор'),(3,'Домен'),(4,'Ҳостинг'),(5,'Домен ва Ҳостинг'),(6,'Веб сайт ва ҳостинг'),(7,'Веб сайт, домен ва ҳостинг'),(8,'Э-хат'),(9,'Ijro.gov.uz'),(10,'Э-калит'),(11,'Qo\'shimcha kelishuv'),(12,'Qo\'shimcha xizmatlar');
/*!40000 ALTER TABLE `shartnoma_type` ENABLE KEYS */;
UNLOCK TABLES;

--
-- Table structure for table `tashkilot`
--

DROP TABLE IF EXISTS `tashkilot`;
/*!40101 SET @saved_cs_client     = @@character_set_client */;
/*!40101 SET character_set_client = utf8 */;
CREATE TABLE `tashkilot` (
  `id` int(32) NOT NULL AUTO_INCREMENT,
  `name` varchar(255) NOT NULL,
  `district_id` int(11) NOT NULL,
  `idora_type_id` int(11) NOT NULL,
  `rahbar` varchar(255) DEFAULT NULL,
  `phone_tashkilot` varchar(255) DEFAULT NULL,
  `phone_rahbar` varchar(255) DEFAULT NULL,
  `buxgalter` varchar(255) DEFAULT NULL,
  `phone_buxgalter` varchar(255) DEFAULT NULL,
  `kompleks_id` int(11) NOT NULL,
  `boshqarma_id` int(11) NOT NULL,
  `address` varchar(255) DEFAULT NULL,
  `inn` int(32) DEFAULT NULL,
  `izoh` varchar(500) DEFAULT NULL,
  PRIMARY KEY (`id`)
) ENGINE=InnoDB AUTO_INCREMENT=259 DEFAULT CHARSET=utf8;
/*!40101 SET character_set_client = @saved_cs_client */;

--
-- Dumping data for table `tashkilot`
--

LOCK TABLES `tashkilot` WRITE;
/*!40000 ALTER TABLE `tashkilot` DISABLE KEYS */;
INSERT INTO `tashkilot` VALUES (4,'янгибозор ободонлаштириш',41,4,'','','','','',3,17,NULL,206943201,''),(5,'Урганч шахар Ободонлаштириш',22,4,'','','','','',3,17,NULL,206943296,''),(6,'Маданият бошқарма',22,2,'Ф Яхшибоев','','','М. Жуманиёзова','2231712',7,8,NULL,201203516,''),(7,'Урганч шахар архитектура',22,8,'','','','','',3,13,NULL,NULL,''),(8,'Гурлан тумани архитектура ',36,8,'','','','','',3,13,NULL,NULL,''),(9,'Хазарасп  тумани архитектура ',33,8,'','','','','',3,13,NULL,NULL,''),(10,'Хонқа тумани архитектура ',39,8,'','','','','',3,13,NULL,NULL,''),(11,'Қўшкўпир  тумани архитектура ',32,8,'','','','','',3,13,NULL,NULL,''),(12,'Шовот тумани архитектура ',34,8,'','','','','',3,13,NULL,NULL,''),(13,'Хива шахар архитектура ',42,8,'','','','','',3,13,NULL,NULL,''),(14,'Хива   тумани архитектура ',37,8,'','','','','',3,13,NULL,NULL,''),(15,'Янгибозор тумани архитектура ',41,8,'','','','','',3,13,NULL,NULL,''),(16,'Янгиариқ тумани ватанпарвар',38,9,'','','','','',1,26,NULL,NULL,''),(17,' Хонқа туман ватанпарвар',39,9,'','','','','',1,26,NULL,205577863,''),(18,'Хазоросп  тумани ватанпарвар',33,9,'','','','','',3,26,NULL,NULL,''),(19,'Боғот тумани ватанпарвар ',31,9,'','','','','',3,26,NULL,NULL,''),(20,'янгибозор  туман ватанпарвар',41,9,'','','','','',3,26,NULL,NULL,''),(21,'Қўшкўпир тумани ватанпарвар',32,9,'','','','','',3,26,NULL,205604117,''),(22,'Шовот тумани ватанпарвар',31,9,'','','','','',3,26,NULL,NULL,''),(23,'Урганч туман  Ободонлаштириш',35,4,'','','','','',3,17,NULL,NULL,''),(24,'Хазарасп  тумани ободонлаштириш',33,4,'','','','','',3,17,NULL,NULL,''),(25,'Хазарасп  тумани ободонлаштириш',33,4,'','','','','',3,17,NULL,NULL,''),(26,'Хазарасп  тумани ободонлаштириш',33,4,'','','','','',3,17,NULL,NULL,''),(27,'Хазарасп  тумани ободонлаштириш',33,4,'','','','','',3,17,NULL,NULL,''),(28,'Хазарасп  тумани ободонлаштириш',33,4,'','','','','',3,17,NULL,NULL,''),(29,'Вилоят Иқтисодиёт бошқарма',22,10,'','','','','',1,2,NULL,207251034,''),(30,'Вилоят кадастр бошқарма',22,11,'','','','','',3,14,NULL,NULL,''),(31,'Гурлан тумани агропром',36,13,'','','','','',2,5,NULL,NULL,''),(32,'Шовот тумани агропром ',34,13,'','','','','',2,5,NULL,NULL,''),(33,'Боғот тумани агропром',31,13,'','','','','',2,5,NULL,NULL,''),(34,'Қўшкўпир  тумани агропром ',32,13,'','','','','',2,5,NULL,NULL,''),(35,'Хива туманип агропром',37,13,'','','','','',2,5,NULL,NULL,''),(36,'Урганч туман  агропром',35,13,'','','','','',2,5,NULL,NULL,''),(37,'Янгиариқ тумани агропром',38,13,'','','','','',2,5,NULL,NULL,''),(38,'Хонқа тумани агропром',39,13,'','','','','',2,5,NULL,NULL,''),(39,'Худудий чорванасл маркази',22,12,'','','','','',2,25,NULL,NULL,''),(40,'Урганч шахар ветенария',22,12,'','','','','',2,25,NULL,NULL,''),(41,'Боғот тумани ветенария',36,12,'','','','','',2,25,NULL,NULL,''),(42,'Ветенария Бошқармаси Ҳоразм вилоят',22,12,'','','','','',2,25,NULL,NULL,''),(43,'янгибозор  туман ветенария',41,12,'','','','','',2,25,NULL,NULL,''),(44,'янгибозор  туман агропром',41,13,'','','','','',2,25,NULL,NULL,''),(45,'Хазарасп  тумани агропром',41,13,'','','','','',2,25,NULL,NULL,''),(46,'Гурлан тумани ветенария',36,12,'','','','','',2,5,NULL,NULL,''),(47,'Урганч туман  ветенария',35,12,'','','','','',2,25,NULL,NULL,''),(48,'Шовот тумани ветенария',34,12,'','','','','',2,25,NULL,NULL,''),(49,'Содиқ ботиров фермер ҳўжалиги',34,14,'','','','','',2,39,NULL,301667632,''),(50,'Миллий банк',22,15,'','','','','',1,64,NULL,NULL,''),(51,'янгибозор туман СЕС',41,16,'','','','','',7,4,NULL,NULL,''),(52,'Янгиариқ тумани СЕС',38,16,'','','','','',7,4,NULL,NULL,''),(53,'Шовот тумани СЕС',34,16,'','','','','',7,4,NULL,NULL,''),(54,'Хонқа тумани СЕС',39,16,'','','','','',7,4,NULL,NULL,''),(55,'Гурлан тумани СЕС',36,16,'','','','','',7,4,NULL,NULL,''),(56,'Гурлан тумани 30-мактаб',36,17,'','','','','',7,3,NULL,NULL,''),(57,'Гурлан тумани 31-мактаб',36,17,'','','','','',7,3,NULL,NULL,''),(58,'Хива туман Сес',37,16,'','','','','',7,4,NULL,NULL,''),(59,'Хазоросп  тумани СЕС',33,16,'','','','','',7,4,NULL,NULL,''),(60,'питнак туман СЕС',33,16,'','','','','',7,4,NULL,NULL,''),(61,'Урганч туман СЕС',35,16,'','','','','',7,4,NULL,NULL,''),(62,'Урганч шахар СЕС',22,16,'','','','','',7,4,NULL,NULL,''),(63,'Хива туман Ветенария',37,12,'','','','','',2,25,NULL,NULL,''),(64,'Хива шахар ветенария ',42,12,'','','','','',2,25,NULL,NULL,''),(65,'Боғот тумани СЕС',31,16,'','','','','',7,4,NULL,NULL,''),(66,'Қўшкўпир  тумани СЕС',32,16,'','','','','',7,4,NULL,NULL,''),(67,'Урганч туман  СЕС',35,16,'','','','','',7,4,NULL,NULL,''),(68,'Хива шахар Сес',42,16,'','','','','',7,1,NULL,NULL,''),(69,'Хоразм вилоят статистика бошқармаси ',22,18,'','','','','',1,10,NULL,200408205,''),(70,'Хоразм вилоят статистика бошқармаси ',22,18,'','','','','',1,10,NULL,200408205,''),(71,'Урганч туман хокимият ',35,3,'','','','','',1,71,NULL,NULL,''),(72,'Хонқа тумани ҳокимият',39,3,'','','','','',1,71,NULL,NULL,''),(73,'Янгиариқ тумани ҳокимият',38,4,'','','','','',1,71,NULL,NULL,''),(74,'Гурлан тумани ҳокимият ',36,3,'','','','','',1,71,NULL,NULL,''),(75,'янгибозор туман ҳокимият ',41,3,'','','','','',1,71,NULL,NULL,''),(76,'Урганч шахар ҳокимият',22,3,'','','','','',1,71,NULL,NULL,''),(77,'Хазарасп  тумани ҳокимият ',22,3,'','','','','',1,71,NULL,NULL,''),(78,'Инвистисия бошқармаси',22,19,'','','','','',1,9,NULL,NULL,''),(79,'Хоразм вилоят ҳокимлик',22,3,'','','','','',1,71,NULL,NULL,''),(80,'Боғот тумани ОМСТБДИМИ',31,17,'','','','','',7,3,NULL,NULL,''),(81,'Агропром Бошқарма ',22,13,'','','','','',2,5,NULL,NULL,''),(82,'ҳива туман ҳокимият ',42,3,'','','','','',1,71,NULL,NULL,''),(83,'Боғот тумани ҳокимият ',31,3,'','','','','',1,71,NULL,NULL,''),(84,'янгибозор туман ҳокимият ',41,3,'','','','','',1,71,NULL,NULL,''),(85,'янгибозор туман ҳокимият ',41,3,'','','','','',1,71,NULL,NULL,''),(86,'ҳива туман ҳокимият ',37,3,'','','','','',1,71,NULL,NULL,''),(87,'Янгиариқ тумани архитектура',38,8,'','','','','',3,13,NULL,NULL,''),(88,'Боғот тумани арҳитектура',31,8,'','','','','',3,1,NULL,NULL,''),(89,'Урганч туман арҳитектура',35,8,'','','','','',3,13,NULL,NULL,''),(90,'шовот  тумани ободонлаштириш',34,4,'','','','','',3,17,NULL,NULL,''),(91,'Урганч туман  ҲТБ',35,20,'','','','','',1,3,NULL,NULL,''),(92,'Хонқа тумани ХТБ',39,20,'','','','','',1,3,NULL,NULL,''),(93,'Хонқа тумани ТТБ',39,21,'','','','','',1,4,NULL,NULL,''),(94,'Урганч туман Тиббиёт бирлашма ',35,21,'','','','','',1,4,NULL,NULL,''),(95,'Вилоят Эндоқринология ',22,21,'','','','','',1,4,NULL,NULL,''),(96,'РШТЁИМ Хоразм филиали',22,21,'','','','','',1,4,NULL,NULL,''),(97,'вилоят қонқуйш маркази',22,21,'','','','','',1,4,NULL,NULL,''),(98,'вилоят сил касалликлари ',22,21,'','','','','',1,4,NULL,NULL,''),(99,'ОИТС Маркази',22,21,'','','','','',1,4,NULL,NULL,''),(100,'Паталомология ',22,21,'','','','','',1,4,NULL,NULL,''),(101,'Рухий асаб касалликлари ',22,21,'','','','','',1,4,NULL,NULL,''),(102,'шовот туман ТТБ ',34,21,'','','','','',1,4,NULL,NULL,''),(103,'Қўшкўпир  тумани ТТБ ',32,21,'','','','','',1,4,NULL,NULL,''),(104,'вилоят юқумли касалликлар ',22,21,'','','','','',1,4,NULL,NULL,''),(105,'Урганч шахар ТТБ ',22,21,'','','','','',1,4,NULL,NULL,''),(106,'Вилоят хокимлиги  ',22,3,'','','','','',1,71,NULL,NULL,''),(107,'Гурлан тумани ТТБ',36,21,'','','','','',1,4,NULL,NULL,''),(108,'Онқалогия диспансери ',22,21,'','','','','',1,4,NULL,NULL,''),(109,'Боғот тумани ТТБ',31,21,'','','','','',1,4,NULL,NULL,''),(110,'Янгиариқ туман ТТБ',38,21,'','','','','',1,4,NULL,NULL,''),(111,'Вилоят Роддом маркази ',22,21,'','','','','',1,4,NULL,NULL,''),(112,'Хазарасп тумани ТТБ',33,21,'','','','','',1,4,NULL,NULL,''),(113,'Хива туман  ТТБ',37,21,'','','','','',1,4,NULL,NULL,''),(114,'Норқалогия ',22,21,'','','','','',1,4,NULL,NULL,''),(115,'Урология ',22,21,'','','','','',1,4,NULL,NULL,''),(116,'Хонқа туман ХТБ',39,21,'','','','','',1,4,NULL,NULL,''),(117,'Компютер Сервис ',22,3,'','','','','',1,71,NULL,NULL,''),(118,'УРДУ',22,22,'','','','','',1,1,NULL,NULL,''),(119,'Эндиқонология(сахрни бонисо)',22,21,'','','','','',1,4,NULL,NULL,''),(120,'вилоят юқумли касалликлар ',22,21,'','','','','',1,4,NULL,NULL,''),(121,'Вилоят Эқология',22,21,'','','','','',1,4,NULL,NULL,''),(122,'ХВНБШРҚ ва ПМ',22,21,'','','','','',1,4,NULL,NULL,''),(123,'Вилоят хокимлиги  ',22,3,'','','','','',1,71,NULL,NULL,''),(124,'Жис спорт ЯЯКсти Бусм',22,17,'','','','','',1,3,NULL,NULL,''),(125,'Жис спрорт бошқармаси ',22,17,'','','','','',1,3,NULL,NULL,''),(126,'URDU',22,22,'','','','','',1,3,NULL,NULL,''),(127,'Насос стансиялар ',22,23,'','','','','',1,5,NULL,NULL,''),(128,'Хоразм  М Экспедўияси ',22,1,'','','','','',1,1,NULL,NULL,''),(129,'Боғот тумани Олинпияа интернати ',22,24,'','','','','',1,1,NULL,NULL,''),(130,'wefw',22,1,'weg','','','','',1,1,NULL,111111111,''),(131,'Ўзбекистон почтаси АЖ',22,1,'','','','','',1,23,NULL,200903129,''),(132,'ЯНГИАРИК ТУМАН ЙУЛ ХУЖАЛИГИ ПФК',38,1,'','','','','',3,1,NULL,200215439,''),(133,'YANGIBOZOR TUMAN YOLLARDAN FOYDALA',41,1,'','','','','',3,24,NULL,201018760,''),(134,'YANGIBOZOR TUMAN YOLLARDAN FOYDALA',41,1,'','','','','',3,24,NULL,201018760,''),(135,'ЯГОНА БУЮРТМАЧИ ХИЗМАТИ ИНЖИНИРИНГ КОМПАНИЯСИ',22,1,'','','','','',1,13,NULL,204821497,''),(136,'ЯГОНА БУЮРТМАЧИ ХИЗМАТИ ИНЖИНИРИНГ КОМПАНИЯСИ',22,1,'Куондик ога','','','','',1,70,NULL,204821497,''),(137,'SHOVOT TUMANI YOLLARDAN FOYDAL',34,1,'','','','','',3,24,NULL,200422141,''),(138,'URUG`CHILIKNI RIVOJLANTIRISH MARKAZI DK XORAZM VILOYAT BOSHQARMASI',22,1,'','','','','',2,5,NULL,201986974,''),(139,'Урганч халкаро аэропорти маъсулияти чекланган жамияти',22,1,'','','','','',1,1,NULL,200414508,''),(140,'XORAZMYOLINDUSTRIYA UNITAR KORXONA',22,1,'','','','','',3,24,NULL,207167779,''),(141,'ВИЛОЯТ СТАТИСТИКА БОШКАРМАСИ',22,1,'','','','','',1,10,NULL,200408205,''),(142,'Хонка-Дехкон бозори\" МЧЖ',22,1,'','','','','',1,68,NULL,200430195,''),(143,'ХОНКА ТЙФУК',39,1,'','','','','',3,24,NULL,200429488,''),(144,'TUPROQQALA TUMANI YOLLARDAN FOYDALANISH UNITAR KORXONASI',33,1,'','','','','',1,24,NULL,307319134,''),(145,'Кушкупир дехкон бозори\" МЧЖ',32,1,'','','','','',1,68,NULL,200905884,''),(146,'УРГАНЧ МАРКАЗИЙ ДЕХКОН БОЗОРИ\" АКЦИЯДОРЛИК ЖАМИЯТИ',22,1,'','','','','',1,68,NULL,203708684,''),(147,'ХОРАЗМВИЛДАВЭКОЭКСПЕРТИЗА',22,1,'','','','','',1,1,NULL,202840071,''),(148,'Хужалик хисобидаги Хоразм вил.ер тузиш ва куч. мулк кадастр хиз',22,1,'','','','','',1,14,NULL,201942903,''),(149,'Xorazm viloyat arxitektura KBB',22,8,'','','','','',1,13,NULL,207053304,''),(150,'УРГАНЧ НЕФТ БАЗАСИ\" МЧЖ',35,1,'','','','','',2,47,NULL,204589421,''),(151,'Хоразм вил УЖКХК Хоразм иссиклик манбаи давлат унитар корхонаси',22,1,'','','','','',3,45,NULL,200408925,''),(152,'QOSHKOPIR TUMAN YOLLARDAN FOYDAL',32,1,'','','','','',1,24,NULL,200218054,''),(153,'URGANCH TUMAN YOLLARDAN FOYDALANIS',35,1,'','','','','',3,24,NULL,200414641,''),(154,'УП BOGOT TUMAN YOLLARDAN FOYDALA',22,1,'','','','','',3,24,NULL,200426698,''),(155,'URGANCH AVTO EKO TRANS МЧЖ',22,1,'','','','','',3,17,NULL,304610084,''),(156,'Qishloq qurilish invest МЧЖ ИК Хоразм филиали',22,1,'','','','','',3,1,NULL,207167723,''),(157,'Кушкупир туман Хокимлиги',32,3,'','','','','',6,71,NULL,200905774,''),(158,'узагросугурта аж хоразм вилоят филиали хива шахар сугурта маркази',22,1,'','','','','',1,51,NULL,200408119,''),(159,'ХОРАЗМДРЕНАЖ Ихтисослаштирилган пудрат давлат корхонаси',22,1,'','','','','',3,1,NULL,200911894,''),(160,'ДАВАРХИТЕКТКУРИЛИШМКУМИТА ТАНЛОВ САВДО НАРХЛАР КОНСАЛТИНГ МАРКАЗИ',22,1,'','','','','',3,1,NULL,202503592,''),(161,'BOGOTMAHSUSSUVPUDRAT MCHJ',31,1,'','','','','',2,5,NULL,206958823,''),(162,'HAZORASPMAHSUSSUVPUDRAT\" MCHJ',33,1,'','','','','',3,5,NULL,206958775,''),(163,'HAZORASP NOVATOR SAVDO KOMPLEKSI',22,1,'','','','','',1,68,NULL,206740810,''),(164,'Сув муаммолари илмий тадқиқот маркази',22,1,'','','','','',2,1,NULL,123456789,''),(165,'БОГОТ ДЕХКОН БОЗОРИ МЧЖ',31,1,'','','','','',1,68,NULL,200426365,''),(166,'ЛОЙИХА КУРИЛИШ ЛЮКС\" ХУСУСИЙ КОРХОНА',22,1,'','','','','',3,1,NULL,206958482,''),(167,'KUSHKUPIRMAHSUSSUVPUDRAT\" MCHJ',32,1,'','','','','',2,70,NULL,206958499,''),(168,'Янгибозор туман Хокимлиги',41,3,'','','','','',6,71,NULL,201085807,''),(169,'Янгибозор туман Хокимлиги',41,3,'','','','','',6,71,NULL,201085807,''),(170,'TUPROQQALA TUMANI YOLLARDAN FOYDALANISH UNITAR KORXONASI',33,2,'','','','','',1,1,NULL,307319134,''),(171,'Корамази-Киличбой ирригация тизими бошкармаси',36,23,'','','','','',2,42,NULL,204683227,''),(172,'XORAZM MINTAQAVIY YO`LLARGA BUYURTMACHI XIZMATI\" davlat unitar korxon',22,4,'','','','','',3,24,NULL,207254393,''),(173,'\"XORAZM TEX\" mas`uliyati cheklangan jamiyati',39,28,'','','','','',2,5,NULL,302413758,''),(174,'Узбекистон кузи ожизлар жамияти Хоразм вилоят булими',22,2,'','','','','',1,1,NULL,200410379,''),(175,'\'khiva cluster\' мчж',22,28,'','','','','',2,5,NULL,305916421,''),(176,'GURLAN-BARAKA TEKS МЧЖ',36,28,'','','','','',2,5,NULL,306786308,''),(177,'Карамази Киличбой ИТБ',36,1,'','','','','',2,1,NULL,204683227,''),(178,'Хоразм вил фермер, дехкон хуж ва томорка ер эгалар',22,2,'','','','','',2,39,NULL,207168563,''),(179,'\"KOBOTEX\" маъсулияти чекланган жамият',31,28,'','','','','',2,1,NULL,301613865,''),(180,'Хоразм вилояти хокимияти',22,3,'','','','','',6,71,NULL,201943244,''),(181,'Ургенчский государственный университет',22,1,'','','','','',7,1,NULL,201651846,''),(182,'Хоразм вилояти адлия бошкармаси шахарлар ва туманлар адлия булимлари',22,2,'','','','','',1,1,NULL,201480996,''),(183,'Хоразм вилояти автомобил йуллари бош бошкармаси',22,1,'','','','','',7,7,NULL,201715124,''),(184,'Узбекистон Республикаси Капитал бозорни ривожлантириш агентлиги Хоразм вилояти худудий бошкармаси',22,1,'','','','','',1,1,NULL,306292962,''),(185,'QIBLA QURILISH MATERIALLARI SAVDO KOMPLEKSI МАСЬУЛИЯТИ ЧЕКЛАНАГАН ЖАМ',22,1,'','','','','',1,68,NULL,202971036,''),(186,'Узбекистон Республикаси Махалла ва оилани куллаб-кувватлаш Хоразм',22,2,'','','','','',7,1,NULL,207316892,''),(187,'Урганч шахар ихтисослаштирилган санъат мактаби',22,1,'','','','','',7,7,NULL,201957384,''),(188,'Гурлан туман Хокимияти',36,1,'','','','','',6,71,NULL,201137677,''),(189,'Урганч тумани Хокимлиги',35,3,'','','','','',6,71,NULL,201901724,''),(190,'СП ООО TEXTILE FINANCE KHOREZM',34,28,'','','','','',2,5,NULL,304758460,''),(191,'OZBEKTELEKOM\" AK XORAZM FILIALI',22,1,'','','','','',3,46,NULL,203366731,''),(192,'Богот туман Хокимлиги',31,3,'','','','','',6,71,NULL,200427016,''),(193,'Курилиш бош бошкармаси',22,8,'','','','','',3,13,NULL,200413152,''),(194,'Бандлик бош бошкармаси',22,2,'','','','','',1,1,NULL,200413176,''),(195,'YOSHLAR ITTIFOQINING XORAZM VILOYAT KENGASHI',22,2,'','','','','',7,1,NULL,203636989,''),(196,'Шовот-Куловот ирригация тизими бошкармаси',22,2,'','','','','',2,5,NULL,305915881,''),(197,'\"XORAZM PILLA XOLDING\" МЧЖ',22,23,'','','','','',2,5,NULL,302905398,''),(198,'Ургенчский государственный университет',22,22,'','','','','',1,1,NULL,200933985,''),(199,'Хонка Т Хокимлиги',39,1,'','','','','',6,71,NULL,202374374,''),(200,'Хоразм вилоят Молия бошкармаси',22,31,'','','','','',1,1,NULL,200933985,''),(201,'Полвон-Гозовот ирригация тизими бошкармаси',22,23,'','','','','',2,5,NULL,201122919,''),(202,'рганч давлат университети хузуридаги халк таълими ходимларини кайта тайёрлаш ва уларнинг малакасин',22,22,'','','','','',1,3,NULL,202054488,''),(203,'Янгибозор туман Хокимлиги',41,3,'','','','','',6,71,NULL,201085807,''),(204,'Хива педагогика коллежи',42,32,'','','','','',1,7,NULL,201126310,''),(205,'Хоразм вилояти кишлок хужалиги бошкармаси',42,23,'','','','','',2,5,NULL,201496421,''),(206,'Хорезмский областной совет профсоюзов',22,1,'','','','','',1,1,NULL,201943220,''),(207,'Урганч туман 2-сон касб-хунар мактаби',35,17,'','','','','',1,3,NULL,202380090,''),(208,'Хоразм вилояти Юридик коллежи',22,32,'','','','','',1,7,NULL,202013174,''),(209,'Богот тумани ирригация булими',31,23,'','','','','',2,5,NULL,305081940,''),(210,'Шовот туман Болалар-усмирлар спорт мактаби',34,17,'','','','','',1,7,NULL,207237975,''),(211,'Вилоят академик ва халк бадиий жамоа',22,1,'','','','','',1,8,NULL,204009484,''),(212,'Тошсока ирригация тизими бошкармаси',22,2,'','','','','',2,5,NULL,305915953,''),(213,'Хазорасп туман Хокимлиги',33,3,'','','','','',6,71,NULL,200419698,''),(214,'Хоразм вилояти Халк таълими бошкармаси',22,2,'','','','','',7,3,NULL,201620916,''),(215,'Урганч Абу Али Ибн Сино номидаги жамоат саломатлиги техникуми',22,1,'','','','','',7,7,NULL,201136987,''),(216,'Хоразм вилоят Санитария-эпидемиологик осойишталик маркази',22,16,'','','','','',7,4,NULL,201226123,''),(217,'Халк депутатлари Хазорасп туман Кенгаши котибияти',33,1,'','','','','',6,1,NULL,308213607,''),(218,'Хоразм вилоят Молия бошкармаси',22,2,'','','','','',1,1,NULL,201574522,''),(219,'Хива шахар Халк таълими булими марказлашган бухгалтерияси',42,1,'','','','','',1,1,NULL,305073143,''),(220,'XORAZM VILOYATI IIB 11-SON TERGOV HIBSXONASI',22,1,'','','','','',1,1,NULL,202452475,''),(221,'Богот туман 2-сон касб-хунар мактаби',31,32,'','','','','',7,7,NULL,200426849,''),(222,'Хоразм вилояти Давлат молиявий назорати бошкармаси',22,1,'','','','','',1,1,NULL,305190140,''),(223,'Хоразм вилояти Тупроккала тумани Мактабгача талим булими',33,1,'','','','','',7,1,NULL,307302464,''),(224,'Гурлан туман 1-сон касб-хунар мактаби',22,1,'','','','','',7,7,NULL,202621597,''),(225,'ЯНГИАРИК ТУМАНИ АРХИТЕКТУРА ВА КУРИЛИШ БУЛИМИ',38,2,'','','','','',3,13,NULL,302979235,''),(226,'Хонка туман архитектура ва курилиш булими',39,8,'','','','','',3,13,NULL,207192757,''),(227,'АРХИТЕКТУРА ВА КУРИЛИШ БУЛИМИ ХУЗУРИДАГИ ХУЖАЛИК ХИСОБИДАГИ ИЧБ',33,8,'','','','','',3,13,NULL,207183664,''),(228,'SHOVOT TUMANI QURILISH BOLIMI',34,8,'','','','','',3,13,NULL,207211502,''),(229,'Урганч туман Курилиш булими',35,8,'','','','','',3,13,NULL,207209749,''),(230,'УЗБЕККОНЦЕРТ Давлат муассасаси Хоразм вилоят булим',22,1,'','','','','',7,8,NULL,201970164,''),(231,'Узбекистон Республикаси хусусийлаштирилган корхоналарга кумаклашиш ва ракобатни ривожлантириш ',22,2,'','','','','',1,1,NULL,201986982,''),(232,'Узбекистон Рес.Мудофаасига кумаклашувчи Ватанпарвар ташкилоти Хор вил',22,2,'','','','','',7,26,NULL,200410655,''),(233,'Хазорап т ХТБ',33,17,'','','','','',7,1,NULL,200419745,''),(234,'Янгиариқ тумани Халқ депутатлари кенгаши',38,1,'','','','','',1,1,NULL,207334594,''),(235,'ХИВА ЙУЛ ХУЖАЛИГИ ТУМАН ПУДРАТ ТАЬМ',37,1,'','','','','',3,24,NULL,201076477,''),(236,'КОМПЛЕКТ ЭФФЕКТ СТРОЙ ХУСУСИЙ ФИРМАСИ',22,33,'','','','','',3,1,NULL,300044712,''),(237,'ШАМС-СБ\" ХУСУСИЙ КОРХОНАСИ',22,33,'','','','','',3,1,NULL,203153435,''),(238,'Maxsus suv gaz montaj qurilish\" МЧЖ',22,33,'','','','','',3,1,NULL,302650471,''),(239,'МИНГ БОТМОН МЧЖ',22,33,'','','','','',3,1,NULL,204681277,''),(240,'Bog`ot bunyodkor\" XK',31,33,'','','','','',3,1,NULL,301539348,''),(241,'Urganch Inshoat Servis\" МЧЖ',22,33,'','','','','',3,1,NULL,304409539,''),(242,'URGENCH LYUKS STROY SERVIS масьулияти чекланган жамият',22,33,'','','','','',3,1,NULL,304702049,''),(243,'YANGIBOZOR-SHAROB-SAVDO масъулияти чекланган жамияти',41,1,'','','','','',1,2,NULL,300387705,''),(244,'XORAZMIRMONTAJ МАСЬУЛИЯТИ ЧЕКЛАНГАН',22,33,'','','','','',3,1,NULL,200407870,''),(245,'KO`HINUR BINO INSHOAT IXTISOSLASHTIRILGAN TA`MIRLASH QURILISH',37,33,'','','','','',3,1,NULL,301557096,''),(246,'СУХРОБ ОТАМУРОД хусусий корхонаси',22,33,'','','','','',3,1,NULL,204996399,''),(247,'ШОВОТ МАХСУС КУРИЛИШ СЕРВИС ХУСУСИЙ',34,33,'','','','','',3,1,NULL,301720930,''),(248,'Гурлан 9-сонли БМСМ',36,17,'','','','','',7,1,NULL,203292374,''),(249,'ООО HAZORASP UNIVERSAL MEGA STROY',33,33,'','','','','',1,13,NULL,306193570,''),(250,'1-сон БММ',22,17,'','','','','',1,3,NULL,203491919,''),(251,'(Янгибозор туман 16-сон болалар мусика ва санъат мактаби',41,17,'','','','','',1,3,NULL,200933985,''),(252,'Янгибозор туман 16-сон болалар мусика ва санъат мактаби',41,17,'','','','','',1,3,NULL,203280437,''),(253,'\"VENTILYATSIYA\" mas`uliyati cheklangan jamiyati',22,1,'','','','','',1,13,NULL,206126631,''),(254,'Богот туман 4-сон Болалар мусика ва санъат мактаби',31,17,'','','','','',1,3,NULL,207247820,''),(255,'\"Suxrob Maxsus Qurilish\" МЧЖ',22,1,'','','','','',1,13,NULL,301488910,''),(256,'HAZORASP STROY SERVISМАЪСУЛИЯТИ',33,8,'','','','','',1,13,NULL,302618010,''),(257,'/HAZORASP TUMAN YOLLARDAN FOYDALANIS',33,1,'','','','','',1,13,NULL,200409615,''),(258,'/Гурлан туман йуллардан фойдаланиш унитар корхонаси',36,1,'','','','','',1,13,NULL,200420818,'');
/*!40000 ALTER TABLE `tashkilot` ENABLE KEYS */;
UNLOCK TABLES;

--
-- Table structure for table `user`
--

DROP TABLE IF EXISTS `user`;
/*!40101 SET @saved_cs_client     = @@character_set_client */;
/*!40101 SET character_set_client = utf8 */;
CREATE TABLE `user` (
  `id` int(32) NOT NULL AUTO_INCREMENT,
  `name` varchar(255) NOT NULL,
  `email` varchar(255) NOT NULL,
  `role` int(11) NOT NULL DEFAULT 0,
  `image` varchar(255) NOT NULL,
  `username` varchar(255) NOT NULL,
  `password` varchar(500) NOT NULL,
  `setting` text NOT NULL,
  `chat_id` int(32) DEFAULT NULL,
  `phone` varchar(255) DEFAULT NULL,
  PRIMARY KEY (`id`)
) ENGINE=InnoDB AUTO_INCREMENT=3 DEFAULT CHARSET=utf8;
/*!40101 SET character_set_client = @saved_cs_client */;

--
-- Dumping data for table `user`
--

LOCK TABLES `user` WRITE;
/*!40000 ALTER TABLE `user` DISABLE KEYS */;
INSERT INTO `user` VALUES (1,'admin','admin@admin.uz',1,'default.jpg','admin','19966','2021-12-22 05:51:40',0,''),(2,'Атабоев Азамжон','aktmarkaz@xorazm.uz',1,'default.png','azamjon','123','2019-11-02 10:32:42',NULL,NULL);
/*!40000 ALTER TABLE `user` ENABLE KEYS */;
UNLOCK TABLES;
/*!40103 SET TIME_ZONE=@OLD_TIME_ZONE */;

/*!40101 SET SQL_MODE=@OLD_SQL_MODE */;
/*!40014 SET FOREIGN_KEY_CHECKS=@OLD_FOREIGN_KEY_CHECKS */;
/*!40014 SET UNIQUE_CHECKS=@OLD_UNIQUE_CHECKS */;
/*!40101 SET CHARACTER_SET_CLIENT=@OLD_CHARACTER_SET_CLIENT */;
/*!40101 SET CHARACTER_SET_RESULTS=@OLD_CHARACTER_SET_RESULTS */;
/*!40101 SET COLLATION_CONNECTION=@OLD_COLLATION_CONNECTION */;
/*!40111 SET SQL_NOTES=@OLD_SQL_NOTES */;

-- Dump completed on 2022-02-23 18:48:39
